<?xml version="1.0" encoding="UTF-8"?>
<!--
#Autor: Robson Vaamonde
#Procedimentos em TI: http://procedimentosemti.com.br
#Bora para Prática: http://boraparapratica.com.br
#Robson Vaamonde: http://vaamonde.com.br
#Facebook Procedimentos em TI: https://www.facebook.com/ProcedimentosEmTi
#Facebook Bora para Prática: https://www.facebook.com/BoraParaPratica
#Instagram Procedimentos em TI: https://www.instagram.com/procedimentoem
#YouTUBE Bora Para Prática: https://www.youtube.com/boraparapratica
#LinkedIn Robson Vaamonde: https://www.linkedin.com/in/robson-vaamonde-0b029028/
#Data de criação: 19/01/2023
#Data de atualização: 03/09/2024
#Versão: 0.07
-->
<Server port="-1" shutdown="SHUTDOWN">
  <Listener className="org.apache.catalina.startup.VersionLoggerListener" />
  <Listener className="org.apache.catalina.core.AprLifecycleListener" SSLEngine="on" />
  <Listener className="org.apache.catalina.core.JreMemoryLeakPreventionListener" />
  <Listener className="org.apache.catalina.mbeans.GlobalResourcesLifecycleListener" />
  <Listener className="org.apache.catalina.core.ThreadLocalLeakPreventionListener" />
  <!--
   # Configuração principal do Tomcat referente a forma de autenticação dos usuários
   # de administração dos Containers (Aplicativos).
  -->
  <GlobalNamingResources>
    <Resource name="UserDatabase" auth="Container"
              type="org.apache.catalina.UserDatabase"
              description="User database that can be updated and saved"
              factory="org.apache.catalina.users.MemoryUserDatabaseFactory"
              pathname="conf/tomcat-users.xml" />
  </GlobalNamingResources>
  <!--
   # Configuração principal do Tomcat referente a Porta padrão (8080 - HTTPS), Timeout e
   # Porta Segura (8443 - HTTPS)
  -->
  <Service name="Catalina">
    <!-- Comentar essas linhas na configuração do TLS/SSL do Apache Tomcat 0-->  
    <Connector port="8080" protocol="HTTP/1.1"
               connectionTimeout="20000"
               redirectPort="8443" />
    <!--
    # Configuração do suporte ao SSL/TLS do Tomcat utilizando o software Keytool
    # e Certificados Assinados utilizando o OpenSSL
    # Comando para a geração do certificado do Tomcat SSL/TLS não assinado pela CA
    # keytool -genkey -alias tomcat -keyalg RSA -keystore /opt/tomcat/conf/tomcat10.jks 
    # Descomentar as linhas abaixo depois de configurar o TLS/SSL do Apache Tomcat
    -->
    <!--
    <Connector 
        port="8443" 
        protocol="org.apache.coyote.http11.Http11NioProtocol" 
        maxThreads="150" 
        SSLEnabled="true">
        <SSLHostConfig>
            <Certificate 
                type="RSA"
                certificateKeystoreFile="/opt/tomcat/conf/tomcat10.jks"
                certificateKeystorePassword="pti@2018" />
        </SSLHostConfig>
    </Connector> 
    -->

    <Engine name="Catalina" defaultHost="localhost">
      <Realm className="org.apache.catalina.realm.LockOutRealm">
        <Realm className="org.apache.catalina.realm.UserDatabaseRealm"
               resourceName="UserDatabase"/>
      </Realm>
      <!--
       # Configuração principal do Tomcat referente ao suporte do WebApps permitir
       # fazer a descompactação e instalação dos aplicações WAR's via Gerenciador
      -->
      <Host name="localhost"  appBase="webapps"
            unpackWARs="true" autoDeploy="true">
        <Valve className="org.apache.catalina.valves.AccessLogValve" directory="logs"
               prefix="localhost_access_log" suffix=".txt"
               pattern="%h %l %u %t &quot;%r&quot; %s %b" />
      </Host>
    </Engine>
  </Service>
</Server>
